content,like,comment,share,forward,date
"在台灣東西放著通常不太會不見
-
但機車上掛飲料跟雞排一定會",208,16,1,0,2025-05-24
"八曜新品預告，爸爸媽媽的懷舊味道
-
即將登場，讓我們繼續看下去..",65,2,4,0,2025-05-23
"真冰涼！柚香覺醒307！
-
嘉義文化門市開幕買一送一:红心:",307,5,62,0,2025-05-22
文化夜市等你喔:反手食指向下指:,32,5,1,0,2025-05-20
"曜粉或許已經期待很久了～
酸酸甜甜的..？
-
曜頭今天試喝了一口，丟系季勒逼:红心:",5,1,12,0,2025-05-20
"曜頭市調，到門市超多人點這個:反手食指向下指:
「極韻白奶茶」超搶手～
-
無咖啡因的「燕麥奶」基底
成為大家解渴又想減輕負擔的白奶茶
大熱天來杯冰涼的「極韻白」超爽:红心:",11,1,29,0,2025-05-20
"就像「八曜綠巨人奶茶」販售即將到尾聲
-
這是玉米控不願意面對的事實！",13,4,1,0,2025-05-19
":图钉:【活動方式】
1.標記 3 位朋友
2.留言：「與你來一杯八曜83蜂潮奶茶，520甜甜蜜蜜」
3.轉發這篇貼文（記得設公開！）
-
:日历: 活動時間：即日起至 2025/5/25(日) 23:59
:拉炮彩带: 得獎公告：2025/5/26(一)
:举双手: 中選者須於6/2(一) 23:59前私訊小編核對身份，逾期者將取消資格
(八曜和茶有限公司保留調整活動內容之權利。)
-
:蜂蜜: 八曜83蜂潮奶茶：
用八曜的茶香搭配蜜蜂工坊的台灣天然甜香蜂蜜，是給戀人、閨蜜、朋友最療癒的一杯！
-
:手拉手的一男一女: 趁520，把這份甜送給你最想甜蜜的人！",27,10,82,5,2025-05-18
新竹東區的朋友，久等了:红心:,1635,52,103,0,2025-5-19
"如果世界末日，世界上剩下八曜和茶
-
你會喝什麼？",268,56,1,0,2025-5-18
"飲料是聯繫朋友感情的橋樑
-
尤其是帶杯「柚香覺醒307」給朋友
大熱天，清爽暢聊解悶一下",7,2,9,2,2025-5-18
"晚上20:00
兄弟們要進城
-
「頑童」台中勤美誠品走跳
現場超熱，等到口渴的朋友
-
可以到勤美八曜解渴一下:啤酒:
(曜頭看到一堆人滿頭大汗）",547,4,1,0,2025-5-17
如果八曜擬人化會是？,1929,31,34,0,2025-5-16
"沒辦法，都怪天氣太熱了！
不來點「柚香覺醒307」真的扛不住！",14,2,11,8,2025-5-16
"來八曜也有不同的體驗階段
-
開始體驗「柚香覺醒307」
感受經典「炙燒濃乳308」
進階高級「極韻白奶茶」
消化道調節「ㄦㄦ菌乳茶」
豔香華麗「舞伎406紅茶」
回歸和風「究極308」",29,1,8,41,2025-5-15
"高雄熱河店內部2.0裝修
-
住在附近的粉絲們也別擔心!!
施工期間可以到大昌門市:喇叭:
繼續享受八曜清爽滋味呦:花痴:",7,0,10,0,2025-5-14
感謝舞蹈Nike老師 :红心:,8,0,7,105,2025-5-13
請媽祖喝一杯,57,1,7,17,2025-5-12
真的很震撼,55,0,12,84,2025-5-11
"今天來參加媽祖巡禮的朋友
口渴的朋友，我們有幫大家準備好茶呦",152,2,38,181,2025-5-11
"八曜綠巨人白奶茶
一杯擋一餐，波滋波滋的清甜玉米
讓你買更多玩具:红心:",17,3,34,42,2025-5-10
"意見不合，沒關係
但口味不合，可以選擇
-
極韻白奶茶
基底5種風味讓你挑選",17,1,6,0,2025-5-9
"壓力緊繃的生活節奏
從心理蔓延到身體
-
你需要來一杯無咖啡因的奶茶
極韻白，給自己放鬆一下",13,1,18,25,2025-5-8
母親節給媽媽最好的:红心:,19,1,29,17,2025-5-7
"母情節帶杯八曜回家
好好抱抱媽媽聊聊天:红心:",31,2,11,10,2025-5-4
"看看誰是舞蹈小高手？
送你八曜綠巨人限量獎品
5/9（五）公布名單",24,7,117,308,2025-5-3
"成年人的胃大概能裝1.2～1.6公升
-
代表你最多可以一次喝三杯
「八曜綠巨人白奶茶」:玉米:",628,4,67,286,2025-5-2
"有沒有想過，
是你的咖啡因攝取過量？
-
八曜和茶無咖啡因茶品系列
讓你傍晚解渴清爽無負擔:红心:
-
（極韻白奶茶真的很讚～燕麥奶的基底）",25,1,20,50,2025-5-1
"第一屆很多高手出沒，
不知道第二屆還能看到多少大神出沒~
誰是麥塊小高手？送你限量獎品
-
5/6(二) 公布名單",88,1,200,1515,2025-4-30
"很多迷惘來自外界的紛擾
太多的比較造成無形的壓力
-
來杯八曜和茶，給自己一點空間
用清爽的好茶冷靜一下",33,1,66,23,2025-4-29
"上班太忙？生活趕時間？
-
「八曜綠巨人白奶茶」有飲也有料
讓你邊喝邊吃香甜玉米，偷偷補給能量:红心:",14,0,14,138,2025-4-27
"波滋波滋的超有料:红心:
「八曜綠巨人白奶茶」",14,0,14,363,2025-4-26
"一人一杯八曜，
電腦前情侶一起挖礦蓋房子，
是多麼浪漫的事:玫瑰:",1255,6,361,5258,2025-4-25
"有兄弟姊妹的好處
每個都買一種八曜的口味
:反手食指向右指:全部人能品嘗到",23,2,28,73,2025-4-24
"挑戰手搖加料極限，意外好喝！？
-
你敢挑戰嗎？",190,14,2,0,2025-4-23
"嫌生活不夠刺激
那就來一杯八曜綠巨人白奶茶吧",30,4,14,7,2025-4-21
"台中逛街的朋友
一中、中友、逢甲、勤美
-
都有八曜可以逛逛呦:红心:",11,0,12,4,2025-4-21
"有時候配角可能比主角搶戲
-
就像「八曜綠巨人白奶茶」
玉米波滋的感受總是與白奶茶，
互相爭奪清爽的主角:红心:",23,1,12,10,2025-4-20
為自己未來做選擇，如果你覺得很困難，,196,13,3,0,2025-4-19
"原來是還在喝飲料！
八曜綠巨人白奶茶，玉米還在吸～
-
停不下來！！",27,3,68,261,2025-4-18
"看底下留言有什麼超狂組合？
曜頭，也來拍影片試加測試看看～",4,0,50,0,2025-4-18
尊榮「曜粉俱樂部」入口處,5,0,6,0,2025-4-17
"大家是不是快忘記小雞叭叭了？
-
chin chin ken chin ni aru aru do",123,1,57,204,2025-4-17
"飲料的話是..
八曜的柚香覺醒307啦:红心:",15,1,66,7,2025-4-16
"用以上方法喝「八曜綠巨人白奶茶」
也會跟著跳舞喔:跳舞的男人:",34,1,22,505,2025-4-15
"經典「曼德拉效應」例子
很多人印象中都有看過
這個徒手接球的影片
-
但大多數人印象中當時的場景
是白天，記者是金髮女性
-",508,8,455,3075,2025-4-14
"也可以試試八曜「極韻白」奶茶
極致、好韻、心情不留白",12,0,7,0,2025-4-13
"八曜獨創加料風雲，
綠巨人玉米波滋響。",29,1,43,130,2025-4-12
"奇幻飲料配奇幻影展
雙雙奇幻:红心:",15,0,12,43,2025-4-11
"好好記錄下親朋好友
喝完八曜綠巨人白奶茶的表情:红心:
-
無咖啡因，波滋波滋的清爽感～",51,1,40,59,2025-4-11
"這樣的笑臉
通常出現在喝完八曜綠巨人白奶茶之後",97,1,34,111,2025-4-10
"曜頭最近的口頭禪是「八曜綠巨人」
因為音樂聽了，停不下來..",23,2,29,31,2025-4-9
"如果出了有人想要嗎？
「柚香姐姐+柚香覺醒307+八曜招牌組合包」
-
超過1000分享考慮做出來～",711,26,18,0,2025-4-8
"用一杯..八曜綠巨人白奶茶，
安慰一下朋友，叫他不要看手機了..",22,1,10,10,2025-4-7
"「嘉義仁愛門市」開幕！
為了讓大家不再排隊太久，
我們已經在內部增加人力，
讓出茶速度提升三到四倍！
-
感謝每一位喜愛八曜茶品的好友，
謝謝你們的耐心與支持，我們會繼續努力！
-
嘉義開幕慶「柚香覺醒307買一送」唷～",352,4,2,0,2025-4-6
"今天嘉義仁愛門市
開幕慶:红心:「柚香覺醒307」買一送一
好康緊來嘿:OK:",10,7,8,107,2025-4-6
"4/6嘉義仁愛店開幕送:红心:
「柚香覺醒307」買一送一
-
嘉義的朋友準備好了嗎～",26,1,6,8,2025-4-5
"4/4 「嘉義仁愛」門市開幕
八曜綠巨人白奶茶同步販售中:红心:",9,0,1,0,2025-4-5
"▾▾▾抽獎資格這邊看 ▾▾▾
:播放按钮:追蹤八曜和茶+按讚分享貼文
:播放按钮:標記3位好友
:播放按钮:於本貼文下方留言:
:反手食指向下指::反手食指向下指::反手食指向下指::反手食指向下指::反手食指向下指::反手食指向下指::反手食指向下指::反手食指向下指::反手食指向下指:
:警告:好想喝滿滿玉米粒的八曜綠巨人白奶茶!!:警告:
※一帳號只可留言一次，重複留言僅以首次留言為準
▲活動時間：即日起~至4/10(四)12:00截止
▲公布中獎名單：2025/4/16(三)
▲中選者需於 2025/4/22(二)23:59 前
私訊小編核對身份，逾期者將取消資格
:礼物:獎品內容：
:黑色中小方块: 八曜綠巨人聯名限定T-shirt x1 (FB、IG、Threads各抽1組)　或
:黑色中小方块: 「八曜綠巨人白奶茶」新品兌換券x1 (FB、IG、Threads各抽3組)
(八曜和茶有限公司保留調整活動內容之權利。)",49,17,107,68,2025-4-4
"連假第一天
-
1.你還在睡 大概12點以後才會看到這篇文
2.你正在掃墓的路上，或是被卡在國道
3.買八曜綠巨人白奶茶的路上",970,29,5,0,2025-4-4
4/4。玉米白奶茶「波滋波滋」見真章,8,1,2,7,2025-4-3
"連假想去哪？
4/4 有兩個必去之處！！
-
:反手食指向右指:「八曜綠巨人白奶茶」正！式！販！售！
:反手食指向右指:「嘉義站前仁愛門市」正！式！開！幕！
-
喝完絕對翹起來，翹起大拇指的啦！",34,1,44,213,2025-4-3
"小孩愛喝，4月4號「波滋波滋」起來！
無咖啡因燕麥奶，搭配好吃玉米:玉米:",50,1,9,9,2025-4-2
"這個是巴曜綠巨人
4/4即將登場～",315,3,106,595,2025-4-1
"石頭！！
-
你竟然贏了，4/4我們八曜和茶見
輸了來這裡:反手食指向下指:",18,2,16,114,2025-3-31
"4/4 全台門市販售:红心:
玉米控的最愛，「波滋波滋」的快感
-
八曜綠巨人主題曲:反手食指向下指:聽完回不去了",86,1,219,4758,2025-3-30
"八曜綠巨人白奶茶，波滋波滋的口感
4/4我們八曜見:红心:",290,1,812,21000,2025-3-29
4/4門市正式販售:红心:,28,1,140,5030,2025-3-28
3/28即將揭曉新品預告,19,0,13,18,2025-3-27
":三角旗: ❹/❹【嘉義站前仁愛門市】盛大開幕
-
只要在八曜任一社群平台
（FB、IG、Threads）
完成:反手食指向右指:追蹤+按讚+TAG 3位好友:反手食指向左指:
並掃描貼文QRcode:反手食指向右指:加入八曜會員:反手食指向左指:!!
就可以享以下開幕限定活動:带吸管杯:
-
:勾号按钮:❹/❹~❹/❺
消費飲品滿60元
送10元代金券1張:红色感叹号:
▻周邊商品(含HCY象印保溫瓶、
HCY提袋、盒裝ㄦㄦ菌、
YO307清爽柚·香氛片、八曜8金包)除外。
▻消費滿120元即贈兩張10元代金券，
以此類推。
-
:勾号按钮:❹/❻
柚香覺醒307 買一送一
大放送:红色感叹号:
-
▻10元代金券使用期限為開幕日起30天內
▻以上三日開幕門市優惠活動
無提供累積會員點數
▻優惠活動限來店消費適用
八曜和茶保有最終活動解釋權
-
門市資訊
:神社:：嘉義市西區仁愛路582號
:电话:：05-2276297
:神社:營業時間：9:30~22:30",10,1,18,437,2025-3-26
"只要在留言處留下並分享轉發
:反手食指向右指:喝八曜看幾米，4/4聽說很有料？:反手食指向左指:
就有機會抽到..?
-
《幾米男孩的100次勇敢》FOCASA馬戲團
● 演出地點：水交社文化園區旁大草地
● 演出地址：臺南市南區水交社一街
-
有留言有機會趕快來抽抽~
曜頭送券不手軟!!
-
八曜官方三個社群平台都有送!!
連假一起來體驗
幾米與FOCASA馬戲團的夢幻之旅
-
※一帳號只可留言一次，重複留言僅以首次留言為準
:礼物:獎品內容：4/4門票1張（共抽出30組)
▲活動時間：即日起~至3/27(四)12:00截止
▲公布中獎名單：2025/3/28(五)
▲中選者需於 2025/3/30(日)23:59 前
私訊小編核對身份，逾期者將取消資格
(八曜和茶有限公司保留調整活動內容之權利。)",9,3,54,28,2025-3-26
"曜粉說八曜只有白玉珍珠
吃起來不夠爽？
-
曜頭聽見大家的心聲了
我們找到一種吃起來「波滋波滋」
超有料的料.. 3/28預告..敬請期待..
-
期待打期待",2316,62,15,0,2025-3-25
"▾▾▾抽獎資格這邊看 ▾▾▾
:播放按钮:追蹤八曜和茶+按讚分享貼文
:播放按钮:標記3位好友
@追蹤者
:播放按钮:於本貼文下方留言:
:反手食指向下指::反手食指向下指::反手食指向下指::反手食指向下指::反手食指向下指::反手食指向下指::反手食指向下指::反手食指向下指::反手食指向下指:
:警告:八曜（猜猜這次跟誰聯名）白奶茶:警告:
猜對新品名稱即可參加抽選:双感叹号:
※一帳號只可留言一次，重複留言僅以首次留言為準
▲ 活動時間：即日起~至3/30(日)12:00截止
▲ 公布中獎名單：2025/3/31(一)
▲中選者需於 2025/4/8(二)23:59 前
私訊小編核對身份，逾期者將取消資格
:礼物:獎品內容：八曜招牌小燈箱x1(FB、IG、Threads各抽2組) 或 八曜xINCODER限量祈福黑珠繩袋1個 (FB、IG、Threads各抽4組)
(八曜和茶有限公司保留調整活動內容之權利。)",22,4,146,482,2025-3-24
"煩悶、想要點無負擔清爽
用無咖啡因的茶品來開啟一天
-
八曜新飲食文化的自然選擇",8,0,5,26,2025-3-23
"喝飲料看「吸管使用位置」
就可以看出一個人的習慣
-
1.用吸管前段
有品味喜歡品嚐茶品香氣的人",446,2,10,0,2025-3-22
"嘉義的朋友注意喔:警告:
文化店裝修升級中～
-
怕大家嚇到:红心:",118,1,1,0,2025-3-21
"但是如果在天氣冷的時候，
送一杯「極韻白」熱奶茶絕對超加分:红心:",29,1,32,18,2025-3-20
"飲料冷知識
-
八曜和茶任一支同樣飲品
使用「細吸管喝」跟「打開封膜喝」
喝起來味蕾感覺不一樣
-
你是/吸管喝派/還是/杯子喝派/？",798,30,2,0,2025-3-19
"如何安慰別人？
-
:叉号:說教。
:叉号:傾聽。
:叉号:擁抱。
:红色空心圆圈:欸，我有幫你買飲料。",4669,51,160,0,2025-3-18
如果你看到這段話，代表你現在很渴,1370,30,11,0,2025-3-17
"一定是太期待ㄦㄦ菌優惠，買一盒
送一杯順暢酸爽的菌乳茶系列，高興到睡不著",15,1,6,0,2025-3-15
世界上最好喝的白奶茶，最有心的禮物:红心:,17,0,17,72,2025-3-14
"老闆叫我介紹ㄦㄦ菌
我直接拍一圈給你看",78,1,77,227,2025-3-13
解膩無負擔代表選八曜~,10,0,33,6,2025-3-11
"故事開始 :
-
小時候曜頭跟柚香一起在廟裡玩
我們還偷吃神桌上的水果
-
突然廟公拿著棍子跑過來
柚香馬上把水果藏口袋
然後假裝是神明
-
結果廟公過來只看到我
於是他問我水果勒
-
我說在柚香口袋裡
廟公說誰是柚香
-
這時候我才知道
柚香是真的神",217,4,21,20,2025-3-10
"葡萄柚一定會有微苦？
-
「柚香覺醒307」的甘甜酸爽不怕苦，
清爽的口感，讓它成為你的心肝:红心:",27,2,25,11,2025-3-9
"今天來辦個古人同樂會
-
一杯茶，一個故事！
下面排隊自我介紹:反手食指向下指:",1723,293,54,0,2025-3-8
"選八曜的好處：
⬤無咖啡因
⬤新機能
⬤清爽
⬤無負擔
⬤不怕睡不著",27,0,44,103,2025-3-7
傻眼貓咪，ㄦㄦ第一天根本差點被秒殺！！,12,3,10,0,2025-3-6
"曜頭一天一包ㄦㄦ，
感覺每天腸胃都很幸福:红心:
-
八曜回饋祭（買ㄦㄦ還多送一杯ㄦㄦ！
一起當ㄦㄦ好朋友:手拉手的一男一女:
（門市販售中）",19,1,48,3,2025-3-5
"如果你獲得100分
代表你是手搖達人，懂喝飲料的你
一定要試試八曜「ㄦㄦ益生菌」感受順暢!!",8,0,25,11,2025-3-5
"霸道總裁的魅力，
就是讓你絕對不會口渴！
-
酷熱的天氣，霸道的清爽，
來杯「柚香覺醒307」:红心:",25,1,28,32,2025-3-4
:高压:打雷不要怕，我來當你的雷雷好朋友:手拉手的两个人:,652,13,4,0,2025-3-4
"真的超渴！超渴！
這時候來一杯清爽和風茶加「ㄦㄦ益生菌」
-
順暢解渴無負擔又可以大口喝:冰块:！！
（無咖啡因新機能:红心:）",85,10,295,505,2025-3-3
"好喝不用理由，八曜新飲食文化
無咖啡因、ㄦㄦ益生菌系列
-
給你更好的選擇",24,1,27,1,2025-3-2
"多少人還記得「八曜和茶」
打開了脆與無咖啡因飲品的時代。",112,1,15,9,2025-3-1
"如果你問他要不要喝八曜
他會回：啊啊！好啊:OK:我也要:红心:
（情緒價值滿滿）",59,2,142,514,2025-2-27
"想要維持朋友感情很簡單，
約喝八曜，一杯茶一個故事，
敘敘舊，回憶種種:红心:
-
世界上最好喝的奶茶「極韻白」",8,3,10,49,2025-2-27
"喝了ㄦㄦ的順暢解渴
加上無咖啡因飲品的..無負擔
真的..越來..越..想睡..各位明天..見",27,4,61,8,2025-2-26
"呼喚你這麼急，
原來是要找你到台中大墩買八曜!!
來一杯無咖啡因下午茶吧~",36,2,92,832,2025-2-26
"無論在什麼牌位，
只要你手上拿著時尚的八曜，
-
都會在他的心裡面。",14,2,4,137,2025-2-25
"只能說，喝完整個超順的ㄦ
一天一杯ㄦㄦ，養ㄦㄦ",15,1,3,0,2025-2-24
":火花:【台中南屯大墩門市盛大開幕】:火花:
:手拉手的两个女人:樓頂揪樓咖，來喝八曜享優惠:手拉手的两个人:
-
只要在八曜任一社群平台（FB、IG、Threads）
完成:反手食指向右指:追蹤+按讚+TAG 3位好友:反手食指向左指:
並掃描貼文QRcode:反手食指向右指:加入八曜會員:反手食指向左指:!!
就可以享以下開幕限定活動:带吸管杯:
-
:勾号按钮:2/28~3/1
消費飲品滿60元
送10元代金券1張:红色感叹号:
▻周邊商品(含HCY象印保溫瓶、HCY提袋、盒裝ㄦㄦ菌、YO307清爽柚·香氛片、八曜8金包)除外。
▻消費滿120元即贈兩張10元代金券，以此類推。
-
:勾号按钮:3/2
柚香覺醒307 買一送一
大放送:红色感叹号:
-
▻10元代金券使用期限為開幕日起30天內
▻以上三日開幕門市優惠活動無提供累積會員點數
▻優惠活動限來店消費適用，八曜和茶保有最終活動解釋權",2,1,36,375,2025-2-24
"如果你手上拿的是八曜
「借我喝一口」大概是整杯拿走",39,1,14,9,2025-2-23
"無咖啡因飲品加入八曜ㄦㄦ益生菌
是不是算是補給飲料的一種?",10,0,23,0,2025-2-23
"咖啡因攝取過多，讓你常常睡不好?
八曜專屬無咖啡因系列，讓你解渴又放鬆",60,1,30,50,2025-2-22
"一口飯一口清爽解膩的「好輕ㄦㄦ」
潤口穀麥配方，讓你無負擔:红心:",20,1,27,0,2025-2-22
"還在等訊息想他/她睡不著？
來杯「好眠ㄦㄦ」冷靜一下，明天再暈",26,1,42,424,2025-2-21
"曜頭會選「極韻白」奶茶
幫你整理好前三名了:红心:",54,1,79,26,2025-2-20
來杯「好解ㄦㄦ」將不好的回憶化解,42,1,96,46,2025-2-20
"冷知識：
世界上最好喝的白奶茶在八曜",38,1,25,372,2025-2-19
"現在讀書的時候聽這個
保證第一名:食指向上指:
-",5,1,67,6,2025-2-19
以下是「官方聲明」以及「LINE詐騙群組」內容,31,2,1,9,2025-2-19
"享受幸福，不用挑戰機率
「極韻白奶茶」極致品味200%",18,1,11,53,2025-2-18
"有些回憶的味道忘不掉
就像「極韻白奶茶」回味無窮",48,2,40,35,2025-2-18
"現在連偷偷跑去買個「八曜8金包」
都被發現！！
-
拿在手上太顯眼想「消失」都不行！",70,1,48,101,2025-2-17
"既然一個禮拜五杯
你有更好的無咖啡因新選擇:红心:",37,0,64,22,2025-2-16
"意外發現，門市夥伴都身懷絕技
果然年輕人的場子就要盡情發揮:红心:
-
當天飲料不用搖，但身體要搖:举双手:",81,1,12,56,2025-2-12
"元宵節湯圓吃膩了嗎？
-
曜頭都吃八曜的「蜜漬白玉丸」
加到最好喝的奶茶_極韻白
-
給自己不一樣的元宵節:红心:",361,9,1,0,2025-2-12
"恭喜夥伴得到35萬大紅包:红包:
每年八曜超爽春酒「曜旺祭」
-
好運Cccccccccccccc起來",853,8,32,0,2025-2-11
"告訴大家八曜賓果密碼！
這組名牌我只報一次
-
極韻白 店選 1分 35% 5杯",1656,8,8,0,2025-2-11
春酒撒錢好玩到老闆都被扁（不..小心的..,111,1,21,112,2025-2-10
"今年春酒，撒錢環節就像 superbowl
財神爺腦袋被刻拐子（裡面其實是老闆..",235,3,58,98,2025-2-10
"傳訊息給朋友第一句話
-
：「欸 在嗎？」
:反手食指向右指:大概30分鐘內回覆
-
：「欸 要不要訂八曜？」
:反手食指向右指:30秒內回覆",1513,22,4,0,2025-2-9
"八曜全體夥伴共襄盛舉
年度忘年會「曜旺祭」:红心:超好玩啦",135,8,15,69,2025-2-8
"電音三太子開場！！財神爺撒錢進場！！
每年八曜的最強忘年會～
-
今年有門市獨得35萬現金大獎！
包出超過100個紅包跟20幾項獎品:红心:
-
但最重要的是，
看見辛苦的門市夥伴們，一起歡樂的參與盛宴。
-
2025八曜就曜旺:火焰:
(夥伴也可以分享現場畫面在留言處）",242,12,6,0,2025-2-8
"身體重要的器官都有一對，
是為了以防萬一。
-
所以上天給我們一雙手，
就是要你一次拿兩杯八曜。",2107,34,27,0,2025-2-7
"曜頭怕被炒掉
上限卡個20萬好了
-
當作是送春酒全體員工，
活動中的加碼獎金！！求各路曜粉支援！
-
如果超過10000愛心
按愛心+分享＋留言「八曜今年超旺
曜頭抽三位民眾送「8曜大禮包」
-
:礼物:禮包內容：
（即將公開周邊）×1
盒裝ㄦㄦ菌 x1
八曜招牌小燈箱x1
八曜祈福黑珠繩杯袋x1
清爽柚•香氛片（兩款各1）
-
2/6 21:00截止
2/7公佈抽獎名單",1789,280,762,613,2025-2-5
建議來杯八曜極韻白，舒緩一下。,50,1,25,56,2025-2-3
"春節連假
你當了幾天沙發馬鈴薯:土豆:",140,16,5,0,2025-2-2
"來辦個B-Box鞭炮聲比賽
-
這則貼文只能用語音回覆",3711,294,78,0,2025-2-1
"初四，一定要喝杯浪煎龍片504
好運龍蛇來～
-
刮不一定得到，曜一定喝的到",32,1,34,318,2025-2-1
"吃太飽，想睡覺但卻脹氣卡卡？
-
來杯八曜ㄦㄦ益生菌乳茶系列
酸甜的口感，解膩又順暢:红心:",15,0,7,7,2025-1-31
今年你是？,166,10,4,0,2025-1-29
柚香配白玉，團圓又圓滿,78,5,3,0,2025-1-29
"八曜除夕部分店家沒有營業
讓夥伴好好過年:爆竹:
-
可以先打電話到門市確認是否開店
也可以到官方ig搜尋除夕開店資訊喔:红心:
-
來八曜來一杯極韻白
好運ccccccc爆:摇滚:",82,3,17,11,2025-1-28
"我打電話過去..都叫ㄦㄦ！
-
因為「過年大魚大肉」
一杯酸甜解膩的口感:红心:
八曜ㄦㄦ益生菌讓你順暢ㄦㄦ",103,1,259,865,2025-1-27
"春節不妨來一杯八曜「極韻白」
「極致開運」:红心:
-
燕麥奶的絲滑口感
是世界上最好喝的奶茶呀！",19,0,28,35,2025-1-26
"你超級需要一杯極韻白
沒有為什麼",40,1,27,18,2025-1-22
希望大家平安，我愛大家！,244,2,264,62,2025-1-21
"辛苦上課工作一天了，
用世界上最好喝的奶茶「極韻白」，
-
剛好伸展脖子也可以用力吸一口，
犒賞自己，
-
別忘了！今天才禮拜一",60,1,135,1481,2025-1-20
"離過年剩下一個禮拜，
準備好「世界上最好喝的奶茶」
送回去跟家人喝茶聊聊天
-
也抱抱好久不見的家人:红心:",65,1,19,6,2025-1-15
"再配上一杯「極韻白」奶茶（可做熱飲）
-
絲滑的口感，獨一無二的八曜奶茶
讓你享受最完美觀影體驗:红心:",20,7,13,1,2025-1-13
"極韻白終於回來了！
-
急凍冷天，最適合來杯暖暖的「精品奶茶」
用「世界上最好喝的奶茶」來暖暖手心:红心:",23,6,19,28,2025-1-13
"天氣寒冷總需要補補身
曜頭推薦幾個方案
-
1.羊肉爐+京彩舞伎紅茶
2.火鍋+究極308
3.薑母鴨+極韻白奶茶
4.燒肉+柚香覺醒307
5.壽喜燒+浪煎龍片504",978,14,8,0,2025-1-11
:喇叭:極韻白系列回來了:闪亮:,100,5,15,10,2025-1-11
"23:50點名囉
-
有人這時間還在喝飲料嗎？",381,27,0,0,2025-1-7
"明天是8曜日！！
-
每個月8、18、28點數雙倍送:五彩纸屑球:
集滿8點可以兌換飲品喔:红心:",88,26,11,4,2025-1-7
"：你的耳機在聽什麼？
：柚香覺醒307，因為很「潮」
-",200,3,529,1054,2025-1-5
"滑手機滑到無聊，可以試試
Threads > IG >八曜菜單 > 循環
-",71,1,42,71,2025-1-5
"看看當下自己擁有的，
如果你還能夠喝上一杯八曜，
你已經超級幸運。",298,1,52,63,2025-1-4
"▾▾▾抽獎資格這邊看 ▾▾▾
:播放按钮:追蹤八曜和茶+按讚分享貼文
:播放按钮:標記3位好友
:播放按钮:於本貼文下方留言:
-
:反手食指向下指::反手食指向下指::反手食指向下指::反手食指向下指::反手食指向下指::反手食指向下指::反手食指向下指::反手食指向下指::反手食指向下指:
:警告:（猜猜要回歸的飲品是誰?）:警告:
-
猜對飲品即可參加抽選:双感叹号:
※一帳號只可留言一次，重複留言僅以首次留言為準
▲ 活動時間：即日起~至1/7(二)12:00截止
▲ 公布中獎名單：2025/1/8(三)
▲ 中選者需於 2025/1/12(日)23:59 前
私訊小編核對身份，逾期者將取消資格
-
:礼物:獎品內容：
8曜發蛇金‧祈福紅包一組(2入)(FB、IG、Threads各抽5組)
(八曜和茶有限公司保留調整活動內容之權利。)",21,1,10,15,2025-1-3
大家久等了:红心:,103,1,54,1744,2025-1-3
"親愛的顧客，您好：
為了嚴格把關我們
提供優質品質及服務的核心精神，
我們將針對關於食品衛生安全
之整體內部作業流程
全面進行檢查與消毒清潔等控管，
-
＃高雄文橫門市於
＃01月03日清潔消毒停止營運1天，
期間內文橫門市之所有商品暫停在實體
及第三方外送平台等一切通路之販售。
-
對於門市之臨時政策造成之不便，
我們誠摯且由衷向大家致上最深的歉意，
若有任何問題煩
請不吝詢問與告知我們，謝謝。
八曜和茶 敬啟
-
（公告張貼期間：2025年01月03日）",132,1,5,0,2025-1-2
重磅預告，2025春節經典飲品再現！,66,4,14,1,2025-1-1
"▾▾▾活動資格這邊看 ▾▾▾
:播放按钮:追蹤八曜和茶+按讚分享貼文
:播放按钮:標記3位好友
:播放按钮:於本貼文下方留言:
:反手食指向下指::反手食指向下指::反手食指向下指::反手食指向下指::反手食指向下指::反手食指向下指::反手食指向下指::反手食指向下指::反手食指向下指:
-
:警告:（猜猜要回歸的飲品是誰?）:警告:
猜對飲品即可參加抽選:双感叹号:
-
※一帳號只可留言一次，重複留言僅以首次留言為準
▲ 活動時間：即日起~至1/6(一)12:00截止
▲ 公布中獎名單：2025/1/7(二)
▲中選者需於 2025/1/12(日)23:59 前
私訊小編核對身份，逾期者將取消資格",17,3,57,25,2024-12-31
"如果你今天買八曜去跨年，
你會是2025年第一批喝八曜的人。
-
用舒服的方式幫2025開場:红心:",625,10,2,0,2024-12-31
"無論你是孤獨跨年還是親朋好友一起
手上有一杯「柚香覺醒307」今年一定超順！
把好運的秘訣分享給更多人",532,5,8,0,2024-12-30
"「台南永華」以及「台中水湳」門市
營業時間延長，陪大家歡慶跨年:拉炮彩带:",36,3,38,25,2024-12-30
"新竹的朋友久等了:双感叹号::双感叹号::双感叹号:
-
今天竹北開幕活動最後一天
:反手食指向右指:柚香覺醒買一送一:反手食指向左指:",147,2,2,0,2024-12-29
"考驗曜粉的團結度
一人一句把這首歌唱完
提示「主角帶著一隻龍跟蟋蟀」
-
我先：大家同心作戰",370,37,1,0,2024-12-28
"如果有人遞給你選擇
「一張刮刮卡」跟「一杯八曜」
你會選哪一個？",2767,151,11,0,2024-12-27
"快！！趕緊帶一杯「柚香覺醒307」
-
回家看:乌贼:魷魚遊戲第二季！！",378,5,1,0,2024-12-26
"01:40簽到囉
-
今天聖誕節，喝爆的舉手:举手:
是Merry christmas 還是lonely christmas?",309,4,0,0,2024-12-26
"也希望收到「YO307清爽柚·香氛片」
-
掛在聖誕樹上還有「柚香覺醒307」的香氣
門市限量販售中:红心:",25,2,13,8,2024-12-25
"聖誕節就是要來一杯:反手食指向下指:
暖暖的「炙燒濃乳308」陪你:圣诞树:",39,3,82,3,2024-12-25
"人生圖的就是尋找刺激（不要輕易嘗試
扛..不住了..
必須要趕快來一杯「炙燒濃乳308」暖暖身子",42,1,19,7,2024-12-23
"2024 台灣設計BEST100
八曜和茶｜風格獨具的新生代強勢手搖
創意力、設計力、整合力、行銷力、銷售力的策略性集結",12,0,2,0,2024-12-23
"那如果八曜出超可愛的香氛片，
你會分享給朋友嗎？",39,2,3,0,2024-12-22
冬至很適合晚上喝杯八曜，看個拳擊賽。,316,5,3,0,2024-12-22
"冬至，湯圓吃膩了？
-
試試八曜溫「炙燒濃乳308」+白玉珍珠
讓自己當個冬至Chill Guy",341,2,2,0,2024-12-21
"黃綠杯杯 & 時尚袋袋
-
聖誕限定:圣诞树:「YO307清爽柚•香氛片」
交換禮物首選:红心:12/21登場",40,8,3,17,2024-12-19
既然你還醒著，那就看一下明天要喝什麼吧,26,3,26,8,2024-12-19
"聖誕節交換最雷禮物是什麼？
-
曜頭收過PS5的盒子打開是五顆水蜜桃:桃:",964,79,2,0,2024-12-18
"有將近7成台灣人
-
會吧冷「ㄌㄥˇ」說成「ㄋㄣˇ」
不信問看看身旁的人說這句話:反手食指向下指:
-
「今天很冷，要不要訂八曜熱奶茶？」",1381,32,28,0,2024-12-18
"新竹的朋友們:喇叭:!!
八曜在新竹的第二家門市來囉:拉炮彩带:
跨年前別忘記帶一杯八曜一起嗨:闪亮:
-
新竹中正門市:红心:
地址：新竹縣竹北市中正東路238號",222,6,156,1931,2024-12-17
"沒關係，上班桌上放一杯八曜
什麼都能迎刃而解:肌肉:",20,0,7,21,2024-12-16
"八曜8年間陪伴了許多人成長，
看見有人從高中生變大學生，
也陪伴大家讀書考試直至出社會。
-
無論每個人結果如何，
曜頭都陪伴在你們身旁，
與你們一起默默成長。",143,1,47,37,2024-12-14
"椅子陪你看電視、陪你和家人吃晚餐團圓，
它承載的是家的回憶。
-
帶杯八曜回老家，
跟坐椅子上的阿公阿嬤好好聊個天吧！",640,2,1094,3334,2024-12-13
"但我知道，通常手上拿著八曜
都會被叫哥哥或是姊姊。",38,3,13,13,2024-12-13
"既然你都滑到了
那就把八曜前Top5熱門介紹看完吧:红心:",57,2,54,39,2024-12-13
"原本曜頭只是看到超認真少年舉辦的
「空氣清淨機封面大賽」
路過上傳個菜單XD
-
沒想到他真的超認真的做出來了:笑得满地打滚:
剛剛曜頭打開試聞，空氣真的..
「和風一樣暢快」
-
完整版影片:反手食指向下指:",127,3,14,87,2024-12-12
不變的是，八曜一直都能給你溫暖的手心,20,2,7,15,2024-12-12
"人生也就這麼短，
品嚐極品有這麼難嗎？",41,1,11,9,2024-12-11
"其實我平常聽的是八曜和茶的專輯
Spotify跟apple music都找得到喔！",151,1,14,67,2024-12-11
"（續集）
:男孩_较浅肤色:：開玩笑的，我圖的是妳的笑容
:金发女_较浅肤色:：（打開塑膠袋，哇！是八曜！",72,1,7,5,2024-12-11
"那你有辦法盯著這張20秒嗎？
-
可以，代表你真的很愛八曜",120,1,20,11,2024-12-10
"好冷喔，是為了讓大家想喝熱奶茶嗎？
真的很扯！
-
冬天八曜極韻白奶茶，熱熱的喝更好喝:红心:",89,25,29,0,2024-12-8
"當然是為了找你參加！！
新北永和盛大開幕，時尚限量一杯袋
只送不賣，開幕限定:红心:",20,2,2,6,2024-12-7
"永和今天正式開幕囉:红心:
感謝前來支持的粉絲～
-
今天排隊的朋友辛苦了
我們會努力出杯的！
感謝大家來共襄盛舉八曜日
-
隊伍會不定時發放試喝
給辛苦等待的曜粉們:羞涩微笑:
大家記得帶外套以免著涼
-
看到我們八曜的夥伴
有任何菜單以及活動的問題
都會為您服務講解呦:OK:",215,89,0,0,2024-12-6
永和開幕資訊這裡看:反手食指向下指:,30,8,11,86,2024-12-6
"接下來就是屬於永和人的同樂會了
12/6 永和「樂華門市」正式開幕:红心:",174,17,12,28,2024-12-5
永和開幕活動這裡看:反手食指向下指:,25,1,21,231,2024-12-5
spotify也聽得到八曜的音樂喔:红心:,17,1,16,1,2024-12-5
幫推，用心做問卷的研究生,64,3,7,0,2024-12-5
Chill Guy 手上通常都有一杯極韻白,5,0,18,0,2024-12-4
"手上拿著「極韻白奶茶」
到哪裡都是Chill Guy",39,0,19,10,2024-12-4
那你知道嗎？這是八曜的12345,63,14,31,12,2024-12-3
"冬季生存好夥伴，來杯溫溫的「極韻白奶茶」
下班下課後溫暖手心，明天繼續加油:红心:",33,3,43,0,2024-12-2
"聖誕老公公，我的要求不多..
讓我起床就有一杯暖呼呼的「極韻白奶茶」就好
-
標記你的好友過來，讓他當你的聖誕老公公",16,2,4,10,2024-12-2
"12/6永和開幕倒數5天 - 「上班族篇」
-
「加了多少的班，熬了多少的夜，
拼的不只是生活，也是心裡深處的那份骨氣」",140,2,1,0,2024-12-1
"【新北永和】樂華門市 12月6日正式開幕拉!!
-
:十点:開幕期間營業時間：10:00-22:00
:神社:地址：新北市永和區永和路一段212號
-
:焰火:「全門市活動」
12/6（五）全台門市購買任一飲品+149元
即可購買「YO307清爽柚·香氛片」1個
（數量有限，售完為止）（一人限購2片）
-
:烟花:「永和開幕活動」
12/06（五）-12/8（日）加入會員+消費滿100元
送「HCY時尚環保一杯袋」
（滿200元即贈兩個，以此類推）
-
:左斜的放大镜:備注
1.門市開幕期間無提供以下服務：電子支付、外送平台、門市外送與門市預定自取服務。（開放另行公告時間）",15,4,14,393,2024-11-30
"【新北永和】樂華門市 12月6日正式開幕拉!!
-
:十点:開幕期間營業時間：10:00-22:00
:神社:地址：新北市永和區永和路一段212號
-
:焰火:「全門市活動」
12/6（五）全台門市購買任一飲品+149元
即可購買「YO307清爽柚·香氛片」1個
（數量有限，售完為止）（一人限購2片）
-
:烟花:「永和開幕活動」
12/06（五）-12/8（日）加入會員+消費滿100元
送「HCY時尚環保一杯袋」
（滿200元即贈兩個，以此類推）
-
:左斜的放大镜:備注
1.門市開幕期間無提供以下服務：電子支付、外送平台、門市外送與門市預定自取服務。（開放另行公告時間）",1,1,101,2464,2024-11-29
"今天是八曜日呦
每個月8、18、28
會員點數雙倍送！
-
「點數可以幹嘛」？
集滿8點可以兌換指定飲品
看過有曜粉一次換20杯的:拇指向上:",114,3,32,0,2024-11-28
"咦…怎麼空氣中有股…柚香覺醒307的味道:想一想:!?
-
原來是「YO307清爽柚．香氛片」!!!!
-
柚香覺醒307不只可以用喝的
還可以用聞的:墨镜笑脸:
濃郁卻清爽的葡萄柚果香:闪亮:
-
加上些微茶香調:热茶:
完美還原八曜招牌飲品氣味
讓清爽柚香陪伴你生活:花痴:
-
不僅氣味還原
外觀還是迷你版八曜經典袋!!
實用又超適合收藏:花痴:!!
—————————————————————
凡購買任一飲品:带吸管杯: 即可以$149加購
清爽柚．香氛片:闪亮:!!
\ 活動限定 / \ 數量有限 /
每間門市數量有限，要買要快:喇叭:
小編已經設好鬧鐘 準備好要買了:墨镜笑脸:
—————————————————————",38,6,10,154,2024-11-27
"這次棒球的團結是屬於台灣人的的團結！
-
如果是屬於曜粉的團結，
就是對「柚香覺醒307」的熱愛！
-
於是我們做出了同款香氣的香氛片
無時無刻都可以享受柚香的清爽:红心:",22,0,6,0,2024-11-27
"白馬王子送來的溫暖 _
精品極韻白奶茶，熱熱的喝，好愛:红心:",28,2,7,45,2024-11-26
冬天，極韻白也可以熱熱的喝呦:红心:,56,5,10,62,2024-11-26
告知新北朋友的最新資訊:红心:,84,6,2,0,2024-11-25
剛剛從窗外就聽見一陣陣歡呼聲:棒球:,1674,16,0,0,2024-11-24
11月、12月結束前，幸福的方法都寫在上面,932,31,15,0,2024-11-24
"目前曜粉幫大概20萬人，
加入成為曜粉幫的一員，好康真的超讚！！
-
每個月8、18、28是八曜日
消費60元有1點～
集滿8點就可以兌換指定飲品:红心:
-",82,4,38,7,2024-11-22
"難道說，祖克柏叔叔..
喝到的是新品「極韻白奶茶」！？
精品奶茶的魅力，就是給予認證的實力:红心:",76,2,16,7,2024-11-22
這是曜頭我平常的鬧鐘,108,3,174,227,2024-11-21
"咦…怎麼空氣中有股…柚香覺醒307的味道:想一想:!?
-
原來是「YO307清爽柚．香氛片」!!!!
原來是「YO307清爽柚．香氛片」!!!!
原來是「YO307清爽柚．香氛片」!!!!
-
柚香覺醒307不只可以用喝的
還可以用聞的:墨镜笑脸:
濃郁卻清爽的葡萄柚果香:闪亮:
-
加上些微茶香調:热茶:
完美還原八曜招牌飲品氣味
讓清爽柚香陪伴你生活:花痴:
-
不僅氣味還原
外觀還是迷你版八曜經典袋!!
實用又超適合收藏:花痴:!!
—————————————————————
凡購買任一飲品:带吸管杯: 即可以$149加購
清爽柚．香氛片:闪亮:!!
\ 活動限定 / \ 數量有限 /
每間門市數量有限，要買要快:喇叭:
小編已經設好鬧鐘 準備好要買了:墨镜笑脸:
—————————————————————",287,4,50,1273,2024-11-20
"來杯極韻白，用絲滑的精品奶茶
緩和看球賽緊張的心:红心:",32,1,19,0,2024-11-19
"很好喝，喝了沒？
-
你喝過世界上最好喝的奶茶嗎？
以為我又廣告你？
-
這杯好喝到，連你自己都會廣告別人",171,9,25,0,2024-11-18
"【新品猜對送大獎!! 抽獎公布】
感謝大家的熱情參與:拉炮彩带:
恭喜幾位中獎的幸運粉絲們:鼓掌::鼓掌:
-
無法超越的巔峰品味
最好喝的奶茶!!極韻白奶茶系列上市啦:拉炮彩带:
-
沒得獎的粉絲們也別氣餒!!
來杯最好喝的極韻白奶茶 :带吸管杯:
繼續鎖定八曜粉專的更多消息呦!!
-
——————————————
:三角旗:中獎名單公佈:三角旗:中獎名單公佈
感謝各位粉絲的熱烈參與:聚会笑脸: :聚会笑脸: :聚会笑脸:
-
:拉炮彩带:恭喜幸運粉絲抽到！
【八曜xINCODER限量祈福黑珠繩袋1個
+HCY時尚環保一杯袋1入】:拉炮彩带:
(八曜和茶國際有限公司保留修改活動之權利)
-
沒抽到也不要氣餒~~
記得關注八曜的動態消息！
我們將不定期推出抽獎活動好禮送粉絲！:礼物:
-
▲請以下中獎幸運粉絲，
於 2024/11/20 (三)23:59 前，
私訊小編核對身份，逾期者將取消資格",59,5,2,0,2024-11-16
"當天請多米大大的就是新品「極韻白」
極白的燕麥奶韻，精品一定要給多米品嚐:红心:",45,2,8,15,2024-11-15
"人生不夠淬煉，想文縐縐發脆不知發什麼
代表：你還沒喝「極韻白」奶茶:带吸管杯:
-
五年的技術堆疊，極致的精品奶茶！
一口入喉，彷彿看見人生種種百態，
神級別，人間無法想像的美味。",51,1,17,3,2024-11-14
"是因為！！新品「極韻白奶茶」
-
喝一口眉毛往上兩公分的:反手食指向下指:
八曜獨家精品奶茶，全台登場:奖牌:
11/11極白渾厚的絲滑口感:红心:",54,1,9,51,2024-11-13
謝謝您今天下雨專程跑一趟:红心:,126,2,45,247,2024-11-12
"光棍節，看著窗外的情侶
-
我感慨的嘆了一口氣，
將保時捷停在角落，整理後車廂的愛馬仕，
輕輕靠在車身旁，喝一口八曜的極韻白！
-
或許沒有牽著記憶中的妳，
但奶茶的甜，讓我想起成為光棍的理由。
-
4.極白棍",224,2,17,54,2024-11-11
"11/11「極韻白奶茶」:红心:
無法超越的巔峰之作，精品奶茶重磅登場！",109,1,18,18,2024-11-10
"11/11難道只有光棍節？
-
注意！全台八曜明天即將推出..
:双感叹号:全世界最好喝的奶茶」:双感叹号:
-
五款精品:反手食指向右指:「極韻·白奶茶」:反手食指向左指:
-
喝一口，保障眉毛往上兩公分
￼這輩子都沒喝過的味道:反手食指向下指:",1166,29,31,0,2024-11-10
:扩音器:台北橋門市開幕活動最新公告,40,1,12,41,2024-11-10
"很多粉絲私訊詢問曜頭
曜頭統一在這邊回答～
-
Q1:手提袋目前還有嗎？
:红色感叹号:手提袋我們現場目前都還有喔
-
Q2:加購的香氛片還有嗎？
:红色感叹号:目前還有將近一百多片
持續先減少中要加購的要快喲！
:反手食指向下指:
為了減少大家的等待時間
我們昨天晚上立即增加煮茶設備
將量能提高到最高
-
促進人潮消化的速度～
感謝大家的支持",64,1,8,124,2024-11-9
"11/08 三重開幕活動
重要即時公告
-
感謝大家對台北的喜愛
三重台北橋門市今天營業到10:30
目前排隊的隊伍較長
最後一位顧客，會等到10點左右
所以已經截止排隊囉！
-
晚上大家不要白跑一趟喔
:双手合十::双手合十::双手合十:",1394,31,11,0,2024-11-8
"曜頭來三重，現場Real無剪輯採訪
隊伍裡大家都是八曜真鐵粉
還有排隊變成朋朋的曜粉:红心:",745,17,1,0,2024-11-8
"新北三重的朋友！
一般門市通常只有一台自動智能飲料機
三重有「兩台喔」:拇指向上:
設備等量擴充
-
加上現場人力，產量已經是平常的三倍，
請大家耐心等候，因杯數較多，
謝謝您們的支持:红心:",809,3,1501,40000,2024-11-8
"02:20點名囉
現在已經到新北三重排隊等開幕的簽到",571,27,2,0,2024-11-8
開幕活動這邊看:左斜的放大镜:,40,3,84,436,2024-11-7
11/11正式發售 「極韻白奶茶」精品奶茶,194,3,22,34,2024-11-7
倒數兩天！準備好了嗎:红心:,144,3,26,41,2024-11-6
":播放按钮:追蹤八曜和茶+按讚分享貼文
:播放按钮:標記3位好友@追蹤者
:播放按钮:於本貼文下方留言:
:反手食指向下指::反手食指向下指::反手食指向下指::反手食指向下指::反手食指向下指::反手食指向下指::反手食指向下指::反手食指向下指::反手食指向下指:
:警告:（你猜的顏色）奶茶:警告:
-
猜對飲品顏色即可參加抽選:双感叹号:
※一帳號只可留言一次
重複留言僅以首次留言為準
-
▲ 活動時間：即日起~至11/10(日)12:00截止
▲ 公布中獎名單：2024/11/15 (五)
▲中選者需於 2024/11/20(三 )23:59 前
私訊小編核對身份，逾期者將取消資格
-
:礼物:獎品內容：八曜xINCODER限量祈福黑珠繩袋1個+HCY時尚環保一杯袋1入(FB、IG、Threads各抽5組)分享越多機會越大
(八曜和茶有限公司保留調整活動內容之權利。)",77,26,172,100,2024-11-4
"星期一 05:00起床的通常都是成功人士
-
成功人士這裡簽到",970,72,3,0,2024-11-4
我只能說新北三重開幕「我要shampoo！！」,2558,116,154,0,2024-11-1
"這部影片，是曜頭親自獻聲配音:红心:
帶著滿滿的感情與大家分享光點",115,1,224,3761,2024-10-31
"【 10/31 （四） #颱風 門市營業公告 】
因 #康芮颱風 來襲
『全門市』 配合政府暫停服務一天，
如有不便，敬請見諒。
-—————————————
#康芮 #颱風公告:台风: #防颱準備 #暫停服務一天",294,5,8,0,2024-10-30
哭啊，喊啊 ，叫你媽媽帶你去鳳山買八曜啊！,334,13,30,25,2024-10-30
"來蓋個萬聖節裝扮樓:南瓜灯:
曜頭走在路上以為在逛小北百貨",223,14,3,0,2024-10-28
多杯飲料放一起，避免認錯的技巧,731,20,3,0,2024-10-28
歐美萬聖節 - 扮鬼,2349,12,71,0,2024-10-27
只好幫大家換個腦袋迴音了,344,1,52,81,2024-10-26
"從「朝陽騎車到八曜」只要10分鐘？？
到塗城覓食的同學，也順路帶杯八曜清爽一下
-
塗城門市開幕囉，三天活動送好送滿:红心:",165,6,102,81,2024-10-25
"沒搶到的這裡簽到
-
改搶倫家的柚香覺醒307",269,17,31,1,2024-10-24
"感謝雲林鐵粉光顧
今天斗六門市柚香覺醒307買一送一:给我打电话:",857,1,41,677,2024-10-19
超狂開幕大放送！,40,3,8,5,2024-10-19
開幕好康快來拿！,47,5,12,38,2024-10-17
"雲林斗六 / 台中塗城
即將開幕！歡迎加爆蜜漬白玉丸:红心:",43,2,10,5,2024-10-17
攏齁哩啦:反手食指向下指:,50,1,17,89,2024-10-16
"世紀難題
吸管是一個洞還是兩個洞？",737,33,2,0,2024-10-15
"自己的未來自己決定，
飲料也是。（八曜）",66,1,25,16,2024-10-14
"沒辦法看鏡頭是因為看著手上的
限量版瓶裝「柚香覺醒307」
-
台中爵士音樂節 - 18:00-21:00
勤美門市門口販售中:红心:",94,2,3,0,2024-10-13
"來台中爵士音樂節的朋友
想要無酒精的清爽饗宴
-
勤美門市有幫大家準備瓶裝版「柚香覺醒307」
讓你更快拿到呦:红心:",309,1,53,0,2024-10-12
你是「排隊系」還是「現成系」呢？,14,1,4,77,2024-10-12
"有隱藏的新品？還有神秘獨家開幕周邊？
-
新北開幕最新活動內容在這裡喔:反手食指向下指:",3048,102,179,0,2024-10-11
"台中爵士音樂節10/11～10/20
Chill聽爵士配「柚香覺醒307」
-
市民廣場-八曜「勤美門市」等你喔:红心:",79,2,36,7,2024-10-9
斗六開幕還有超級厲害的優惠:红心:,112,2,41,285,2024-10-8
"由於我們台北市區的地點，
還正在積極的尋找，
我們目前的能力，
想方設法努力的推進至新北地區！
-
也請大家多多包含，
同時也請大家分享台北市新地點資訊，
我們會努力洽談與尋店，
謝謝各位長久的支持！
-
「光點計畫填入表單」:反手食指向下指:",271,47,649,8029,2024-10-7
"新聞連結：
統一發票7、8月開獎了，你中獎了嗎？
-",17,1,19,22,2024-10-5
"拍照要怎麼隨便拍都好看？
-
很簡單，只要手上拿著八曜
鮮明又好看的杯身，每個角度都是前衛
你的美，自然能撐起這樣的時尚
-
有人要示範嗎？",415,56,9,0,2024-10-5
"酒也是飲料的一種，有人秀一手兩手
怎麼沒有人秀自己很會喝飲料
-
舉例：
我可以Shot掉一杯全糖珍奶
我可以正常冰一口喝完",370,20,3,0,2024-10-4
12:25點名,776,14,1,0,2024-10-3
"北上驚喜包內容最新畫面釋出！
（猜得出這是什麼嗎？雙北朋友一起期待
-
10/07 八曜官網會釋出最新消息",1141,43,11,0,2024-10-2
"偷偷告訴大家
10/7官網公布第一階段消息預告",460,8,500,293,2024-10-2
"「八曜光點計畫」 感謝大家積極的參與
-
我們獲得大家提供上千筆地點資訊
成功在台北找到地點，歡迎大家繼續填單
讓我們繼續找到適合發光的地方:灯泡:
-
連結:反手食指向下指:",831,50,1613,25000,2024-10-1
"趁颱風還沒來，冰箱趕快囤幾杯八曜
風大雨大上路危險！",267,14,1,0,2024-10-1
"結束3天的F1活動
完售將近4000杯，曜頭中暑3次
不過達成幫大家解渴的任務了
-
接下來就是..",624,12,1,0,2024-9-29
"大熱天，冰涼清爽的好貨
對抗毒辣的太陽，清爽超好喝啦:红心:
來收藏限量活動罐罐～",69,1,10,1,2024-9-29
"其實是冰到發抖，冰鎮的清爽「柚香覺醒307」
炎熱太陽下的救星:红心:星期日活動最後一天",1192,10,69,179,2024-9-28
"感謝今天超熱情的大家
曜頭也陪大家一整天:红心:",30,1,43,41,2024-9-28
大家一定要注意防曬，曜頭也在現場陪大家:红心:,83,2,11,0,2024-9-28
太熱想要解渴，可以來市府前廣場5號攤位:红心:,23,1,10,10,2024-9-28
"天氣超炎熱，幫大家準備好清涼的飲料了
「柚香覺醒307」和風一樣暢快:红心:
-
台中市政府前廣場5號攤位/六日讓你暢飲:赛车:",62,2,7,56,2024-9-27
跟對面朋朋以物易物,177,1,49,672,2024-9-27
"我們就在F1賽車模擬器旁邊:红心:
-
｜2024 Showrun Taichung 封街賽車展演｜
日期 :日历: 2024/09/27(五)~09/29(日)
時間 :三点: 10:30~17:30
地點 :圆图钉: 臺中市政府 府前廣場 5號攤位!!",67,28,25,144,2024-9-26
"肯定是看到「柚香覺醒307」的繽紛色彩
飆風版主題曲，重磅推出:红心:
-
YouTube完整版：",84,5,43,0,2024-9-25
"完整版:反手食指向下指:YouTube下方介紹有歌詞
-",5,1,26,62,2024-9-25
"柚香覺醒307與F1一起進場:红心:
-
｜2024 Showrun Taichung 封街賽車展演｜
日期 :日历: 2024/09/27(五)~09/29(日)
時間 :三点: 10:30~17:30
地點 :圆图钉: 臺中市政府 府前廣場 5號攤位!!",31,1,13,4,2024-9-25
3點了，來玩鬼抓人,724,41,1,0,2024-9-25
"補充一下：
後來老闆問我「爽」旁邊怎麼凹凹的，
我說熱脹冷縮。",676,2,77,146,2024-9-23
如果你有10萬你會做什麼？,771,74,6,0,2024-9-23
雨下整夜，________？,970,76,5,0,2024-9-21
懂喝的人，都喝「柚粒柚粒」，不醉但對味:红心:,99,1,41,36,2024-9-20
什麼是有聲音的台詞,315,52,2,0,2024-9-20
你贏了,1235,18,10,0,2024-9-19
中秋節沒喝到柚粒？再給你一次機會選擇:红心:,46,3,47,16,2024-9-18
"所以讓自己成為「柚太帥」和「柚迷人」
一切都不再複雜，因為八曜把果肉剝好變簡單了",45,1,48,39,2024-9-17
中秋節只要87折？喝得到柚粒又可以省錢？,209,4,138,1376,2024-9-16
中秋月太美，讓你捨不得睡？,46,1,46,16,2024-9-15
"帶杯八曜，好喝到..
中秋連嫦娥都會飛下來地球搶！",48,3,25,18,2024-9-14
"還在當..帶白吐司的朋友嗎？
不如當帶八曜「柚粒柚粒」的朋友吧！",90,1,90,19,2024-9-13
"柚粒柚粒也是偶數，中秋成雙的解膩飲品:红心:
（捏一下）",259,1,65,23,2024-9-12
還有狼～煎～龍～片 504:OK:,58,1,19,35,2024-9-12
"中秋限定（柚太帥）/（柚迷人）:红心:
這是形容，正拿著超強解膩時尚飲品的你:OK:",64,1,20,17,2024-9-11
"全員預購中，柚粒喝到爽方案:红心:
好康優惠一直出～",148,36,228,23,2024-9-10
"感謝日文警察，讓我們持續進步，
曜頭消失兩天的時間，努力將官網持續更新，
-
目前所有的菜單文宣，正在做統整，
後續將重新發包施工，再次謝謝日本警察:红心:",290,1,20,1,2024-9-9
"搖飲料的手勁就是不一樣
畢竟這樣的手勁才能搖出「中秋解膩神飲」
柚粒柚粒，果肉幫你剝好了:红心:",414,1,13,131,2024-9-7
"我們會繼續努力改進日文的部分!!
上個月我們有請日本的日文老師，
做網路以及行銷輸出物後續的校正。
-
由於網站以及內容需要修正的資訊量較多，
但我們一直都有持續地做修正以及改進。
-
目前文字稿已經校稿完成，
也準備官網資訊陸續上新。
-
屆時，我們再次誠摯地邀請日文警察，
再幫我們持續確認以及審查，
是否還有改進的地方。
-
北七喔，錯這麼多，我們會努力改進!!",1231,8,170,877,2024-9-6
"釣魚的技術拿來搖飲料，一定會飛黃騰達
歡迎加入八曜當夥伴:红心:",120,1,44,268,2024-9-6
"真是的，都不乖乖睡覺
既然都還沒睡，看一下八曜的中秋廣告好了",137,1,156,6,2024-9-6
"來八曜，不知道喝什麼？
Top.10都在這裡了:红心:",199,2,36,85,2024-9-5
：要不要喝八曜的柚粒柚粒,29,1,85,52,2024-9-4
"你是誰不重要，
但我知道會喝八曜的人就是不一樣!!",82,4,12,11,2024-9-4
"最近民眾多起，疑似帳號被盜詐騙！
-
如果有接到類似訊息多注意:警告:
請直接打電話給對方確認:勾号按钮:
-
五萬拿來買「柚香覺醒307」還比較好",398,5,108,16,2024-9-3
想成為八曜和茶的夥伴:反手食指向下指:,61,1,67,909,2024-9-3
"因為講究，所以升級
無咖啡因茶品，質感高端的年輕人選擇:红心:",24,1,19,1,2024-9-2
"買得起信義區房子
一定買得起八曜「中秋家庭飲品組合包」
-
9月1號-9月13號「柚粒柚粒」開始預購～
烤肉解膩的清爽選擇:红心:",60,1,194,16,2024-9-1
一定是喝了「柚太帥」跟「柚迷人」的關係,115,1,31,9,2024-8-30
,37,9,56,19,2024-8-30
嗚.嗚哇哇嗚哇 . 柚粒柚粒 9月1號。恰喔,98,2,25,51,2024-8-29
曜頭經營的技巧就是來杯「柚太帥」&「柚迷人」,563,6,149,55,2024-8-29
曜頭的名人朋友還有「柚太帥」跟「柚迷人」,105,6,39,34,2024-8-28
"還有什麼比文旦:反手食指向下指:
「八曜幫你剝好了」更爽！
充滿果肉大口嚼，不灌水9月1日登場",64,3,240,4,2024-8-27
"那就不要吵了，就像馬克沒有說的
：Suck my 八曜",56,1,21,7,2024-8-27
你是怎麼知道八曜和茶的？,113,19,1,0,2024-8-26
"竹北我們來了
中秋將至，柚粒即將登場！",323,22,89,146,2024-8-26
"一定是我「柚太帥」跟「柚迷人」
好兄弟也想來一杯最新的中秋新品:红心:",80,2,6,36,2024-8-25
"成為你的朋友的人
一定是「柚太帥」跟「柚迷人」！",11,1,12,11,2024-8-24
"八曜開幕，要來還願了！
今天「台中樹孝」跟「嘉義文化」",117,3,114,20,2024-8-24
早起的鳥兒有蟲吃，這樣才拿得到開幕優惠,68,8,36,4,2024-8-24
沒錯！就是柚粒柚粒系列，重磅回歸了,660,10,74,83,2024-8-23
"現場正在努力製作中
半天已經出2000多杯了",57,2,14,7,2024-8-23
慘了，今天太陽超大，大家真的要準備防曬,73,1,18,148,2024-8-23
什麼網站？當然是八曜的官方網站,46,1,18,3,2024-8-23
有緣作伙，不只燒酒一杯，八曜也可以拎幾杯,62,1,10,25,2024-8-22
"讓在地人知道就好，嘉義跟台中樹孝
明天開幕好康會拿不完!!!",374,21,108,227,2024-8-22
「以前的手機」,724,13,5,0,2024-8-22
"上了賊船，能出淤泥而不染嗎？
不，是出淤泥而全身塗抹均勻",127,2,38,52,2024-8-21
不嘻嘻 + 柚香覺醒307 = 嘻嘻。三押,83,1,11,11,2024-8-21
為什麼是50公分呢？,72,2,120,23,2024-8-21
"武士真實對決的場面
朔月般快斬的刀光，有如「龍片」撼動味覺
———
八曜和茶 x台灣甲冑武士隊
共同展現「浪煎龍片504」的震撼體驗",54,0,15,27,2024-8-20
"有看過武士真實對決的場面嗎？
朔月般快斬的刀光，有如龍片撼動味覺
———
八曜和茶 x台灣甲冑武士隊
共同展現「浪煎龍片504」的震撼體驗",53,1,165,21,2024-8-20
"台灣三分之一的人，一個月會看到八曜一次
我們會努力變成、二分之一或..每天:红心:",105,1,58,14,2024-8-19
覺得自己還沒長大？,36,2,56,10,2024-8-19
台中勤美旁邊剛好也有大橋頭喔,110,1,14,6,2024-8-18
快要開幕了，搭造不造？,337,7,129,260,2024-8-16
如果開幕是同學的話：,95,2,20,27,2024-8-16
"有時候痛苦就需要甜甜的感覺來安慰
「83蜂潮奶茶」有蜂蜜蛋糕的味道:红心:",29,4,17,9,2024-8-16
"地牛翻身，難道是為了來八曜開幕？
好康驚天動地！！",117,1,36,52,2024-8-15
開幕好康這裡看:红心:,64,7,81,151,2024-8-15
06:10點名囉,819,29,2,0,2024-8-15
"如果是曜頭，我會為了..
告訴大家「83蜂潮奶茶」有多好喝～
有蜂蜜蛋糕的味道！？",130,4,193,5,2024-8-14
3:07點名囉,774,42,2,0,2024-8-14
:秘:曜頭這邊定義一下「幾顆冰塊」！,793,11,156,465,2024-8-13
這個時候看影片最有感覺了,118,1,52,10,2024-8-13
"猜猜看是什麼呢？
我只知道它..超Juice..爆汁…WOW!?",23,0,36,56,2024-8-12
"恭喜幸運粉絲抽到:红心:
【八曜xINCODER 限量祈福黑珠繩袋】",4,0,3,5,2024-8-12
"跟大家分享
這是拿到八曜的樣子",213,1,224,45,2024-8-12
曜頭跟大家教學「如何在門市點飲料」:红心:,178,5,43,1,2024-8-11
回饋曜粉，明天彰化中正開幕送很大:红心:,140,2,56,23,2024-8-11
"彰化中正開幕優惠還沒完:双感叹号::双感叹号::双感叹号:
明天繼續送:红心:",260,1,80,76,2024-8-10
禮物送八曜最有誠意了,72,0,11,56,2024-8-10
"正版的柚香307的貨
都幫彰化朋友準備好了",137,3,84,947,2024-8-9
"曜頭現場教學
來八曜怎麼點「柚香覺醒307」",65,1,25,94,2024-8-9
"還是正版的尚好:OK:
因為八曜有獨家柚香清爽秘方:秘:",241,5,38,64,2024-8-9
小7派角頭vs八曜派曜頭,100,1,20,87,2024-8-8
彰化中正門市明天「即將開幕」,651,21,159,1526,2024-8-8
爸爸愛喝什麼，你知道嗎？,16,3,6,13,2024-8-8
最後我們決定叫小貓貓：八奇,1559,9,130,168,2024-8-7
"明天88節，也是八曜生日:生日蛋糕:
點數八倍送，快樂其實很簡單:红心:",214,2,201,1763,2024-8-7
「柚香覺醒307」為何能成為傳說？,183,1,30,209,2024-8-6
"那你多久沒有跟爸爸說「謝謝，辛苦了」
8月8號帶爸爸出去玩，順便來八曜乾一杯:干杯:",19,1,15,2,2024-8-6
"還好popo大人，只是臨檢而已
趕快再去買杯「燕香妃荔504」壓壓驚:脸发烧:",129,3,9,20,2024-8-5
":闪亮:【線上八倍送】門市當天也【點數八倍送】
消費滿60元即可兌換點數一點，
集滿八點即可兌換指定飲品，
八月八號當天，現場買越多送越多。",13,1,35,19,2024-8-5
"8月8號當天，8倍送8倍送8倍送！！
與來八曜一起慶祝:拉炮彩带:",60,15,7,8,2024-8-5
"歡慶:五彩纸屑球:8月8號當天點數8倍送！！！
「集滿8點」可以「兌換指定飲品一杯」
「8倍送」等於…你知道的（買越多賺越多）",83,15,7,6,2024-8-5
"不，你找不到！
因為清爽無咖啡因的308在八曜和茶！！！",933,11,117,165,2024-8-2
"為什麼你總是跑廁所？？
因為八曜的308系列回歸了！！
清爽順口的口感，讓你喝了停不下來",307,1,59,163,2024-8-2
吃漢堡，也要配一杯解膩的八曜和茶吧:红色空心圆圈:,373,2,45,16,2024-8-2
"爸要喝茶，給爸爸最好的
新飲食文化，無咖啡因指標和風茶
8月8號我們在八曜集合吧",25,1,18,30,2024-8-1
：我剛剛買了一杯..,212,4,80,1,2024-8-1
所以你到底是想曜頭，還是「柚香覺醒307」？,149,8,62,1,2024-7-31
"各位早點睡，才能早起買「柚香覺醒307」
曜頭的賴:反手食指向下指:",62,1,12,1,2024-7-29
"彰化中正門市「即將開幕」
送超大連續幾天，行事曆該設鬧鐘了:闹钟:",382,19,71,26,2024-7-29
那有人知道「308系列」是無咖啡因的嗎？,94,2,11,33,2024-7-29
00:00點名,1916,46,3,0,2024-7-29
"今天行程：
買杯八曜，看巴黎奧運支持台灣隊",349,9,1,0,2024-7-28
"原來你還沒喝過，清爽燕麥奶系列
「龍香燕麥504」，難怪只能永遠讀著對白",236,1,94,73,2024-7-28
"但我的輸入法也自動變成：
曜不曜來一杯「浪煎龍片504」",67,1,53,6,2024-7-28
"台中勤美/精誠門市:反手食指向右指:星期一營業異動:反手食指向左指:
「各位注意異動時間，才不會錯過喔！」",340,4,67,7,2024-7-28
手拿冰涼的八曜，才能好好享受音樂:爱你的手势:,35,6,14,7,2024-7-27
"這時間到底是剛起床，還是剛要睡
不然等八曜開店來點「柚香覺醒307」",365,8,258,15,2024-7-27
禮拜六當然曜一次喝五杯啊！,93,4,57,6,2024-7-27
聽說八曜喝越多，越快樂,127,2,48,3,2024-7-26
"各位，308升級後的香氣不會消失！
等到太陽公公出來的時候，才能更加安心品嚐",15,2,8,0,2024-7-26
"02:00點名
平安的跟曜頭簽到",1677,87,6,0,2024-7-25
"為了顧及夥伴及民眾的安全
八曜和茶7/25全台門市不營業",386,7,119,21,2024-7-24
"各位注意門窗玻璃
曜頭家公寓走廊的窗戶今天中午不見了
7樓走廊變小颱風",557,4,79,13,2024-7-24
"放假只好在家聽「浪煎龍片504」主題曲
已經上架各大音樂平台囉:红心:",119,2,51,121,2024-7-24
讀完了依賴，我很快就…我只能選擇八曜,159,5,36,9,2024-7-23
颱風天大家都買什麼泡麵:面条:？,388,95,1,0,2024-7-23
"颱風天:台风:口渴
必須提前預備「浪煎龍片504」",33,1,18,2,2024-7-23
幸福就像…八曜的新品「浪煎龍片系列」,67,1,47,3,2024-7-23
"但有些快樂值得等待，7/26重磅回歸
「308黃金蕎麥」經歷一個月的升級..
更濃了，更香了，更好喝了:红心:",49,1,21,9,2024-7-22
"後續還有兩次呦（北部）（南部）
我們的門市夥伴也會參與演習
13:00-14:00我們鐵門會拉下來喔:安静的脸::军用头盔:",96,5,21,22,2024-7-22
"早起更重要的事，就是來八曜來點
超級厲害的「燕香妃荔504」爽口荔枝甘甜:红心:",28,1,26,2,2024-7-22
"燕麥的清爽,全新八曜「龍香燕麥奶504」:飞吻:",25,2,54,0,2024-7-21
魚乾大大都感到幸福，八曜ㄏㄠ吐露ㄙ！！,99,0,14,56,2024-7-20
「浪煎龍片504」 拒絕平凡、唯有龍片,23,3,11,18,2024-7-20
沒錯，我就是來廣告的,134,3,154,15,2024-7-20
"什麼是「無咖啡因」茶品，清爽無負擔？？
那就是「308」蕎麥系列回來了",65,4,168,9,2024-7-20
"順便在此告訴大家
「308系列」7/26正式回歸:红心:",122,5,23,9,2024-7-19
"您是否近距離看過..？
「日本武士」身穿甲冑交戰的刺激緊張場景？？",48,1,8,66,2024-7-19
"上一篇簽到的
已經加30公分了，現在再加碼30公分！！",69,3,102,9,2024-7-19
再再再再再（罰寫5次）,110,4,209,30,2024-7-19
一杯屬於成功者的味道「浪煎龍片504」,14,1,19,4,2024-7-18
炎熱的夏天就像「擱淺」的感覺..,36,1,28,108,2024-7-18
:警告:史上最強「快閃消息」揭露:警告:,47,14,127,805,2024-7-18
幸福有很多方法，例如加強八曜的清爽程度,150,3,134,2,2024-7-18
"除了給你一杯清涼的八曜..
我還能做什麼？",434,16,123,42,2024-7-17
直到我看見「燕香妃荔504」一切都好了,34,3,45,29,2024-7-17
"曜頭不小心把最新的菜單撕破了
幫我把兩張（捏一下）合起來",2249,68,43,0,2024-7-17
"超大根飲料冰棒！！？
:冰块::冰块::冰块::冰块::冰块::冰块::冰块:
ㄦㄦ柚香菌乳茶「急速冷凍」超涼爽！！
歡迎大家回家DIY做「八曜冰棒杯」",68,2,29,81,2024-7-16
「曜頭有三個願望」感謝大家的祝福能量:祝:,181,7,407,12,2024-7-15
"桌上一樣是放「八曜和茶」在旁邊
炎夏解渴提升工作效率，成功者的味道504",719,4,38,2,2024-7-15
"今天的試喝是「燕香妃荔」
感受荔枝燕麥奶，清爽嘴裡爆炸的感覺:火上之心::火上之心:",68,4,27,60,2024-7-14
"今天 7/14 浪煎龍片504正式上市！
「五杯屬於成功者的味道」",184,1,166,6,2024-7-14
這篇文的愛心浮動，跟看當沖盤一樣刺激,152,2,53,25,2024-7-12
"渴到爛掉怎麼工作？
順便幫同事帶一杯:红桃:柚香覺醒307",114,5,82,1,2024-7-11
7/14 「浪煎龍片」5杯重磅登場！！死了都要愛,49,3,195,86,2024-7-11
"什麼是煎熬？
就是等待「八曜X 漂遊者森林音樂祭」聯名",123,2,280,288,2024-7-10
什麼？你家樓下就有八曜？,445,53,749,1782,2024-7-10
"後來曜頭回家查查原來是偉士牌（Vespa）
《羅馬假期》奧黛麗赫本騎的那台
意外引出車車小編？？",97,4,42,62,2024-7-10
"夏天的炎熱彷彿「擱淺」一樣
來點「柚香覺醒307」甘酸清爽解渴",206,5,643,732,2024-7-9
"在外打拼的你，多久沒有回家了？
帶杯飲料回家跟家人聊聊天珍惜時光。",74,0,15,0,2024-7-9
"（ㄧ）目前幾間待開幕門市
都正在裝潢中以及進行員工訓練，開幕將至我們會另行公告日期以及優惠活動。",506,5,69,75,2024-7-8
品味需求直到7/14 八曜新品推出後，一次解決,90,7,61,42,2024-7-6
"夏天也可以解放輕鬆喝的清爽聖品 504系列
7/14烤燕麥奶的香氣:红心:無慘也擋不住的焙煎",72,2,17,30,2024-7-6
"喝太多「柚香覺醒307」想換口味？
慶祝一次出五杯，只有八曜能超越八曜",219,1,83,17,2024-7-5
「燕香妃荔504燕麥奶」 7/14正式登場,51,1,20,17,2024-7-5
"玲拿啊勒，打開原來是買一送一券
曜頭決定好好發揮
——————-
7/14前 標記八曜和茶",2330,286,525,97,2024-7-4
"忘記我是在Line，不小心回老闆幹話
完蛋…出事了阿北..",1308,9,82,84,2024-7-4
不忍了，直球對決祖克叔叔,325,7,0,0,2024-7-4
"如果祖克柏叔叔來台灣
我一定會請他入境喝到出境",335,1,60,10,2024-7-4
"不只是曜頭
這也是八曜全體人員的努力被看見
我們致力於與大家無論是線上還是門市",178,8,88,40,2024-7-3
"曜頭：先生你要什麼呢？
客人：我要一杯..*^%！
（一台排氣管改超大聲的車衝過去）",119,1,22,7,2024-7-3
"聽說脆上會偵測太像廣告的文
只好派出忍術迷因之術",49,1,8,44,2024-7-3
"1902年「空調系統」誕生，
但不是給人吹的，目的是為印刷品除濕，
所以世界上第一個吹冷氣的，不是人類",47,1,17,5,2024-7-3
"科普一下
村田是鬼滅最後四肢健全，活到最後的路人
俗稱「路柱」",535,4,36,52,2024-7-2
"7月14日
同步推出五款八曜「浪煎龍片504」系列茶品",150,11,53,61,2024-7-1
"八曜和茶「浪煎龍片504」
龍片問世，重新定義綠茶之姿。",14,1,17,93,2024-7-1
天氣熱monkey喝八曜，喝到茫去,862,25,13,0,2024-7-1
"全台有12%人處於慢性失眠
晚上明明都有睡著，起床後卻還是覺得很累",196,1,29,54,2024-7-1
嚇到了吧,40,1,16,20,2024-6-29
"因為八曜就是為您創造，幸福的「第八天」
曜是日本星期的意思，八的日文名HACHI",939,5,67,32,2024-6-29
念你不如念柚香覺醒307,123,12,54,9,2024-6-27
"「歌唱音樂比賽規則」：
1,歌詞中要提到「八曜和茶」、「漂游者」
2,可以使用各種樂器、混音、發揮你的想像力
3.不得使用AI音樂製作(給人類一點機會)
4.音樂活動截止日6/26到7/1
5.留言方式限使用影片、語音、不接受連結",55,3,96,151,2024-6-26
Like 八曜and tea 真的 good good drink,485,1,40,10,2024-6-25
"你可能會忘記曜頭，但絕對忘不了
柚香覺醒307",149,5,73,1,2024-6-25
"只好靠著九妹跟魚乾剛好手上拿著的
「柚香覺醒307」將元氣補到放假",93,0,15,0,2024-6-25
感謝,327,0,56,0,2024-6-24
"觀看數超過全台人數
都還有人不知道「柚香覺醒307」
這可是連壽山的猴子都搶來喝過的神飲",513,8,117,3,2024-6-23
"曜頭現在正在用Spotify聽
「八曜ㄦㄦ菌主題曲」",62,4,258,2,2024-6-23
"但曜頭打不過太陽，只能採取防禦措施
就是來點清爽的柚香覺醒307，預防太陽攻擊",147,2,65,0,2024-6-23
"買商標包字比買衣服包色還刺激
這種刺激大概跟帶一大包八曜回家一樣爽",1323,6,164,6,2024-6-22
八曜多重宇宙，曜就一起征服,1374,6,136,2,2024-6-22
這麼早朋友就在裝醉是要幹嘛？,74,1,20,0,2024-6-22
"擋不住的魅力,一口讓你無法思考",121,3,39,0,2024-6-21
請大家接收到類似訊息，請向本人或朋友確認消息是否屬實，避免貿然提供銀行或是個人資料，以防受騙財損。,325,1,74,1,2024-6-21
如果才藝太奇葩可以附上圖片或影片:爆米花:,112,0,627,0,2024-6-20
最近的太陽太毒辣，來一杯冰涼超順暢:冰块:,52,1,13,0,2024-6-20
今夜是台語電台，歡迎大家畫單K歌,40,0,86,0,2024-6-20
排隊時站前面的突然點20杯,235,6,57,1,2024-6-19
"今天曜頭不打廣告，就想開放討論
大家對於「博愛座的定義」",331,4,95,0,2024-6-18
"音樂祭，陽光火辣
喝八曜就可以自己騎帥檔車參加",71,0,68,0,2024-6-18
曜頭推薦最頂飲料品項都在這裡了,90,3,39,0,2024-6-18
我只害怕，喝不到柚香覺醒307,130,1,89,1,2024-6-17
"如果你按了好幾次重新整理
代表你不止偷偷的關注曜頭長什麼樣子:红心:",554,6,113,1,2024-6-17
"新聞連結
話說我是「八曜和茶」不是「八曜茶坊」啦:笑哭了:",116,4,20,0,2024-6-17
八曜也有小彩蛋,803,13,170,34,2024-6-16
如果是勇者欣梅爾，他也會騎馬來八曜,564,0,134,0,2024-6-15
今天好熱好熱，解渴讓你好爽好爽,100,3,57,1,2024-6-15
"通常台灣人上下班交通的時候
腦袋大部分是怒怒在控制",488,19,4,0,2024-6-14
"歡迎大家來杯柚香覺醒307
來博覽會逛逛",227,2,550,0,2024-6-14
"這是柚香覺醒307
在袋子裡把我的手機解鎖錄到的畫面",190,2,22,0,2024-6-14
新聞連結:反手食指向下指:,148,4,165,0,2024-6-13
"最膩的當然還是門市的夥伴們
想聽八曜音樂可以到YouTube搜尋「八曜和茶」",178,2,40,0,2024-6-12
"@跟X雖然圖案很像，常常容易按錯
是點開完全是不同的世界",527,30,12,0,2024-6-12
好喝的話小聲的告訴旁邊的人,354,3,175,0,2024-6-11
粽子吃多了，需要來點解膩神器,44,2,57,0,2024-6-11
3點了,2099,64,37,0,2024-6-11
"通常是男生容易被「情勒」，還是女生？
.
.
.
.
都不是，是小編
誰懂被一百萬個人標記回文的感覺？",5152,122,53,0,2024-6-10
"通常禮拜一是最辛苦的一天
但端午節禮拜一剛好遇到放假",387,28,0,0,2024-6-10
端午節，胡搞蝦搞,311,16,2,0,2024-6-10
如果你今天吃的是阿嬤親手包的肉粽,1983,65,62,0,2024-6-10
"其他小編你們加油
曜頭我要去度假:沙滩伞:",959,38,10,0,2024-6-10
"是八「曜」和茶，
不是八「耀」和茶，鞋感",6546,179,257,0,2024-6-9
今天被標記一百萬篇「召喚文」回不完,751,43,8,0,2024-6-9
"被召喚完應該也要有回血CD吧
召喚八曜這跟開掛沒兩樣",98,1,22,0,2024-6-9
幫你止住那一場渴，也是我最後的溫柔,166,2,162,0,2024-6-9
今天終於到第470萬個粉絲了,2023,48,2,0,2024-6-9
端午連假，給我去八曜喔,217,10,69,0,2024-6-9
八曜無咖啡因系列，讓你絕對睡得著又解渴,148,0,63,0,2024-6-8
"油膩的肉粽搭配清爽的八曜解膩:红心:
好好放粽一下",183,0,23,0,2024-6-8
"我們的ㄦㄦ動畫
也是用他的RTX4080做出來的",716,3,51,4,2024-6-7
好喝到路上遇到魔物，被搶走的機會很高,66,0,37,0,2024-6-7
"那就要首選8款
超強八曜「解渴聖品」:红心:",44,3,8,0,2024-6-6
:叉号:來我家看貓咪後空翻,348,19,2,0,2024-6-6
"今天簽到刷一排666
到年底一路順暢666",450,193,0,0,2024-6-6
很多人看到我，其實不太會按愛心,906,29,0,0,2024-6-5
沒毛病,140,2,128,0,2024-6-5
端午節立蛋？不如立八曜,33,1,43,0,2024-6-5
八曜和茶「別無他牌」之聲明,896,32,12,0,2024-6-5
"曜頭私藏最愛聽的團
.
.
.
.
「就愛韓德爾」",577,12,18,0,2024-6-4
下午茶一定要選八曜和風茶吧:红心:,109,2,41,0,2024-6-4
"以下是參與
Minecraft 蓋門市活動的「參加獎」
留作品曜粉可:得:「3杯柚香覺醒307」",44,9,28,3,2024-6-4
